[
  {
    "id": 0,
    "description": "desktop",
    "viewportHeight": 0,
    "viewportWidth": 0,
    "deviceHeight": 0,
    "deviceWidth": 0,
    "deviceType": "desktop",
    "platform": "any",
    "orientation": "any",
    "mobileSkin": "any",
    "mobileSkinColor": "",
    "mobileSkinFilename": "",
    "className": "desktop",
    "iconResolution": "",
    "loadScreenResolution": "",
    "isDefaultDeviceType": 1,
    "embedIframeHeight": 0,
    "embedIframeWidth": 0
  },
  {
    "id": 1,
    "description": "iPhone 5 (Black)",
    "viewportHeight": 568,
    "viewportWidth": 320,
    "deviceHeight": 778,
    "deviceWidth": 374,
    "deviceType": "phone",
    "platform": "iOS",
    "orientation": "portrait",
    "mobileSkin": "iPhone",
    "mobileSkinColor": "black",
    "mobileSkinFilename": "iphone-portrait.png",
    "className": "iphone-portrait",
    "iconResolution": "120 x 120",
    "loadScreenResolution": "640 x 1096",
    "isDefaultDeviceType": 0,
    "embedIframeHeight": 0,
    "embedIframeWidth": 0
  },
  {
    "id": 2,
    "description": "iPhone 5 (Black)",
    "viewportHeight": 320,
    "viewportWidth": 568,
    "deviceHeight": 374,
    "deviceWidth": 778,
    "deviceType": "phone",
    "platform": "iOS",
    "orientation": "landscape",
    "mobileSkin": "iPhone",
    "mobileSkinColor": "black",
    "mobileSkinFilename": "iphone-landscape.png",
    "className": "iphone-landscape",
    "iconResolution": "120 x 120",
    "loadScreenResolution": "640 x 1096",
    "isDefaultDeviceType": 0,
    "embedIframeHeight": 0,
    "embedIframeWidth": 0
  },
  {
    "id": 3,
    "description": "iPad - Black",
    "viewportHeight": 768,
    "viewportWidth": 576,
    "deviceHeight": 950,
    "deviceWidth": 640,
    "deviceType": "tablet",
    "platform": "iOS",
    "orientation": "portrait",
    "mobileSkin": "iPad",
    "mobileSkinColor": "black",
    "mobileSkinFilename": "ipad-portrait.png",
    "className": "ipad-portrait",
    "iconResolution": "152 x 152",
    "loadScreenResolution": "1536 x 2048",
    "isDefaultDeviceType": 1,
    "embedIframeHeight": 0,
    "embedIframeWidth": 0
  },
  {
    "id": 4,
    "description": "iPad - Black",
    "viewportHeight": 576,
    "viewportWidth": 768,
    "deviceHeight": 640,
    "deviceWidth": 950,
    "deviceType": "tablet",
    "platform": "iOS",
    "orientation": "landscape",
    "mobileSkin": "iPad",
    "mobileSkinColor": "black",
    "mobileSkinFilename": "ipad-landscape.png",
    "className": "ipad-landscape",
    "iconResolution": "152 x 152",
    "loadScreenResolution": "2048 x 1496",
    "isDefaultDeviceType": 1,
    "embedIframeHeight": 0,
    "embedIframeWidth": 0
  },
  {
    "id": 5,
    "description": "iPhone 4 (Black)",
    "viewportHeight": 480,
    "viewportWidth": 320,
    "deviceHeight": 690,
    "deviceWidth": 374,
    "deviceType": "phone",
    "platform": "iOS",
    "orientation": "portrait",
    "mobileSkin": "iPhone",
    "mobileSkinColor": "black",
    "mobileSkinFilename": "iphone4-portrait.png",
    "className": "iphone4-portrait",
    "iconResolution": "120 x 120",
    "loadScreenResolution": "640 x 920",
    "isDefaultDeviceType": 0,
    "embedIframeHeight": 0,
    "embedIframeWidth": 0
  },
  {
    "id": 6,
    "description": "iPhone 4 (Black)",
    "viewportHeight": 320,
    "viewportWidth": 480,
    "deviceHeight": 374,
    "deviceWidth": 690,
    "deviceType": "phone",
    "platform": "iOS",
    "orientation": "landscape",
    "mobileSkin": "iPhone",
    "mobileSkinColor": "black",
    "mobileSkinFilename": "iphone4-landscape.png",
    "className": "iphone4-landscape",
    "iconResolution": "120 x 120",
    "loadScreenResolution": "640 x 920",
    "isDefaultDeviceType": 0,
    "embedIframeHeight": 0,
    "embedIframeWidth": 0
  },
  {
    "id": 7,
    "description": "HTC One - Black",
    "viewportHeight": 640,
    "viewportWidth": 360,
    "deviceHeight": 836,
    "deviceWidth": 402,
    "deviceType": "phone",
    "platform": "Android",
    "orientation": "portrait",
    "mobileSkin": "HTC One",
    "mobileSkinColor": "black",
    "mobileSkinFilename": "htcOne-portrait.png",
    "className": "htcOne-portrait",
    "iconResolution": "192 x 192",
    "loadScreenResolution": "1080 x 1920",
    "isDefaultDeviceType": 1,
    "embedIframeHeight": 0,
    "embedIframeWidth": 0
  },
  {
    "id": 8,
    "description": "HTC One - Black",
    "viewportHeight": 360,
    "viewportWidth": 640,
    "deviceHeight": 402,
    "deviceWidth": 836,
    "deviceType": "phone",
    "platform": "Android",
    "orientation": "landscape",
    "mobileSkin": "HTC One",
    "mobileSkinColor": "black",
    "mobileSkinFilename": "htcOne-landscape.png",
    "className": "htcOne-landscape",
    "iconResolution": "192 x 192",
    "loadScreenResolution": "1920 x 1080",
    "isDefaultDeviceType": 1,
    "embedIframeHeight": 0,
    "embedIframeWidth": 0
  },
  {
    "id": 9,
    "description": "Samsung Galaxy S4 - Black",
    "viewportHeight": 640,
    "viewportWidth": 360,
    "deviceHeight": 786,
    "deviceWidth": 406,
    "deviceType": "phone",
    "platform": "Android",
    "orientation": "portrait",
    "mobileSkin": "Samsung Galaxy S4",
    "mobileSkinColor": "black",
    "mobileSkinFilename": "samsungS4-portrait.png",
    "className": "samsungS4-portrait",
    "iconResolution": "192 x 192",
    "loadScreenResolution": "1080 x 1920",
    "isDefaultDeviceType": 0,
    "embedIframeHeight": 0,
    "embedIframeWidth": 0
  },
  {
    "id": 10,
    "description": "Samsung Galaxy S4 - Black",
    "viewportHeight": 360,
    "viewportWidth": 640,
    "deviceHeight": 406,
    "deviceWidth": 786,
    "deviceType": "phone",
    "platform": "Android",
    "orientation": "landscape",
    "mobileSkin": "Samsung Galaxy S4",
    "mobileSkinColor": "black",
    "mobileSkinFilename": "samsungS4-landscape.png",
    "className": "samsungS4-landscape",
    "iconResolution": "192 x 192",
    "loadScreenResolution": "1920 x 1080",
    "isDefaultDeviceType": 0,
    "embedIframeHeight": 0,
    "embedIframeWidth": 0
  },
  {
    "id": 11,
    "description": "iPhone 5 (White)",
    "viewportHeight": 568,
    "viewportWidth": 320,
    "deviceHeight": 778,
    "deviceWidth": 374,
    "deviceType": "phone",
    "platform": "iOS",
    "orientation": "portrait",
    "mobileSkin": "iPhone",
    "mobileSkinColor": "white",
    "mobileSkinFilename": "iphone-portrait-white.png",
    "className": "iphone-portrait",
    "iconResolution": "120 x 120",
    "loadScreenResolution": "640 x 1096",
    "isDefaultDeviceType": 0,
    "embedIframeHeight": 0,
    "embedIframeWidth": 0
  },
  {
    "id": 12,
    "description": "iPhone 5 (White)",
    "viewportHeight": 320,
    "viewportWidth": 568,
    "deviceHeight": 374,
    "deviceWidth": 778,
    "deviceType": "phone",
    "platform": "iOS",
    "orientation": "landscape",
    "mobileSkin": "iPhone",
    "mobileSkinColor": "white",
    "mobileSkinFilename": "iphone-landscape-white.png",
    "className": "iphone-landscape",
    "iconResolution": "120 x 120",
    "loadScreenResolution": "640 x 1096",
    "isDefaultDeviceType": 0,
    "embedIframeHeight": 0,
    "embedIframeWidth": 0
  },
  {
    "id": 13,
    "description": "iPad - White",
    "viewportHeight": 768,
    "viewportWidth": 576,
    "deviceHeight": 950,
    "deviceWidth": 640,
    "deviceType": "tablet",
    "platform": "iOS",
    "orientation": "portrait",
    "mobileSkin": "iPad",
    "mobileSkinColor": "white",
    "mobileSkinFilename": "ipad-portrait-white.png",
    "className": "ipad-portrait",
    "iconResolution": "152 x 152",
    "loadScreenResolution": "1536 x 2048",
    "isDefaultDeviceType": 0,
    "embedIframeHeight": 0,
    "embedIframeWidth": 0
  },
  {
    "id": 14,
    "description": "iPad - White",
    "viewportHeight": 576,
    "viewportWidth": 768,
    "deviceHeight": 640,
    "deviceWidth": 950,
    "deviceType": "tablet",
    "platform": "iOS",
    "orientation": "landscape",
    "mobileSkin": "iPad",
    "mobileSkinColor": "white",
    "mobileSkinFilename": "ipad-landscape-white.png",
    "className": "ipad-landscape",
    "iconResolution": "152 x 152",
    "loadScreenResolution": "2048 x 1496",
    "isDefaultDeviceType": 0,
    "embedIframeHeight": 0,
    "embedIframeWidth": 0
  },
  {
    "id": 15,
    "description": "iPhone 4 (White)",
    "viewportHeight": 480,
    "viewportWidth": 320,
    "deviceHeight": 690,
    "deviceWidth": 374,
    "deviceType": "phone",
    "platform": "iOS",
    "orientation": "portrait",
    "mobileSkin": "iPhone",
    "mobileSkinColor": "white",
    "mobileSkinFilename": "iphone4-portrait-white.png",
    "className": "iphone4-portrait",
    "iconResolution": "120 x 120",
    "loadScreenResolution": "640 x 920",
    "isDefaultDeviceType": 0,
    "embedIframeHeight": 0,
    "embedIframeWidth": 0
  },
  {
    "id": 16,
    "description": "iPhone 4 (White)",
    "viewportHeight": 320,
    "viewportWidth": 480,
    "deviceHeight": 374,
    "deviceWidth": 690,
    "deviceType": "phone",
    "platform": "iOS",
    "orientation": "landscape",
    "mobileSkin": "iPhone",
    "mobileSkinColor": "white",
    "mobileSkinFilename": "iphone4-landscape-white.png",
    "className": "iphone4-landscape",
    "iconResolution": "120 x 120",
    "loadScreenResolution": "640 x 920",
    "isDefaultDeviceType": 0,
    "embedIframeHeight": 0,
    "embedIframeWidth": 0
  },
  {
    "id": 17,
    "description": "HTC One - White",
    "viewportHeight": 640,
    "viewportWidth": 360,
    "deviceHeight": 836,
    "deviceWidth": 402,
    "deviceType": "phone",
    "platform": "Android",
    "orientation": "portrait",
    "mobileSkin": "HTC One",
    "mobileSkinColor": "white",
    "mobileSkinFilename": "htcOne-portrait-white.png",
    "className": "htcOne-portrait",
    "iconResolution": "192 x 192",
    "loadScreenResolution": "1080 x 1920",
    "isDefaultDeviceType": 0,
    "embedIframeHeight": 0,
    "embedIframeWidth": 0
  },
  {
    "id": 18,
    "description": "HTC One - White",
    "viewportHeight": 360,
    "viewportWidth": 640,
    "deviceHeight": 402,
    "deviceWidth": 836,
    "deviceType": "phone",
    "platform": "Android",
    "orientation": "landscape",
    "mobileSkin": "HTC One",
    "mobileSkinColor": "white",
    "mobileSkinFilename": "htcOne-landscape-white.png",
    "className": "htcOne-landscape",
    "iconResolution": "192 x 192",
    "loadScreenResolution": "1920 x 1080",
    "isDefaultDeviceType": 0,
    "embedIframeHeight": 0,
    "embedIframeWidth": 0
  },
  {
    "id": 19,
    "description": "Samsung Galaxy S4 - White",
    "viewportHeight": 640,
    "viewportWidth": 360,
    "deviceHeight": 786,
    "deviceWidth": 406,
    "deviceType": "phone",
    "platform": "Android",
    "orientation": "portrait",
    "mobileSkin": "Samsung Galaxy S4",
    "mobileSkinColor": "white",
    "mobileSkinFilename": "samsungS4-portrait-white.png",
    "className": "samsungS4-portrait",
    "iconResolution": "192 x 192",
    "loadScreenResolution": "1080 x 1920",
    "isDefaultDeviceType": 0,
    "embedIframeHeight": 0,
    "embedIframeWidth": 0
  },
  {
    "id": 20,
    "description": "Samsung Galaxy S4 - White",
    "viewportHeight": 360,
    "viewportWidth": 640,
    "deviceHeight": 406,
    "deviceWidth": 786,
    "deviceType": "phone",
    "platform": "Android",
    "orientation": "landscape",
    "mobileSkin": "Samsung Galaxy S4",
    "mobileSkinColor": "white",
    "mobileSkinFilename": "samsungS4-landscape-white.png",
    "className": "samsungS4-landscape",
    "iconResolution": "192 x 192",
    "loadScreenResolution": "1920 x 1080",
    "isDefaultDeviceType": 0,
    "embedIframeHeight": 0,
    "embedIframeWidth": 0
  },
  {
    "id": 21,
    "description": "Nexus 7",
    "viewportHeight": 685,
    "viewportWidth": 450,
    "deviceHeight": 870,
    "deviceWidth": 532,
    "deviceType": "tablet",
    "platform": "Android",
    "orientation": "portrait",
    "mobileSkin": "Nexus 7",
    "mobileSkinColor": "black",
    "mobileSkinFilename": "nexus7-portrait.png",
    "className": "nexus7-portrait",
    "iconResolution": "192 x 192",
    "loadScreenResolution": "1080 x 1920",
    "isDefaultDeviceType": 1,
    "embedIframeHeight": 0,
    "embedIframeWidth": 0
  },
  {
    "id": 22,
    "description": "Nexus 7",
    "viewportHeight": 415,
    "viewportWidth": 720,
    "deviceHeight": 532,
    "deviceWidth": 870,
    "deviceType": "tablet",
    "platform": "Android",
    "orientation": "landscape",
    "mobileSkin": "Nexus 7",
    "mobileSkinColor": "black",
    "mobileSkinFilename": "nexus7-landscape.png",
    "className": "nexus7-landscape",
    "iconResolution": "192 x 192",
    "loadScreenResolution": "1920 x 1080",
    "isDefaultDeviceType": 1,
    "embedIframeHeight": 0,
    "embedIframeWidth": 0
  },
  {
    "id": 23,
    "description": "Nexus 10",
    "viewportHeight": 925,
    "viewportWidth": 600,
    "deviceHeight": 1112,
    "deviceWidth": 776,
    "deviceType": "tablet",
    "platform": "Android",
    "orientation": "portrait",
    "mobileSkin": "Nexus 10",
    "mobileSkinColor": "black",
    "mobileSkinFilename": "nexus10-portrait.png",
    "className": "nexus10-portrait",
    "iconResolution": "192 x 192",
    "loadScreenResolution": "1080 x 1920",
    "isDefaultDeviceType": 0,
    "embedIframeHeight": 0,
    "embedIframeWidth": 0
  },
  {
    "id": 24,
    "description": "Nexus 10",
    "viewportHeight": 565,
    "viewportWidth": 960,
    "deviceHeight": 776,
    "deviceWidth": 1112,
    "deviceType": "tablet",
    "platform": "Android",
    "orientation": "landscape",
    "mobileSkin": "Nexus 10",
    "mobileSkinColor": "black",
    "mobileSkinFilename": "nexus10-landscape.png",
    "className": "nexus10-landscape",
    "iconResolution": "192 x 192",
    "loadScreenResolution": "1920 x 1080",
    "isDefaultDeviceType": 0,
    "embedIframeHeight": 0,
    "embedIframeWidth": 0
  },
  {
    "id": 25,
    "description": "iPhone 6-8 (Black)",
    "viewportHeight": 667,
    "viewportWidth": 375,
    "deviceHeight": 850,
    "deviceWidth": 416,
    "deviceType": "phone",
    "platform": "iOS",
    "orientation": "portrait",
    "mobileSkin": "iPhone",
    "mobileSkinColor": "black",
    "mobileSkinFilename": "iphone6-portrait.png",
    "className": "iphone6-portrait",
    "iconResolution": "120 x 120",
    "loadScreenResolution": "750 x 1294",
    "isDefaultDeviceType": 1,
    "embedIframeHeight": 0,
    "embedIframeWidth": 0
  },
  {
    "id": 26,
    "description": "iPhone 6-8 (Black)",
    "viewportHeight": 375,
    "viewportWidth": 667,
    "deviceHeight": 416,
    "deviceWidth": 850,
    "deviceType": "phone",
    "platform": "iOS",
    "orientation": "landscape",
    "mobileSkin": "iPhone",
    "mobileSkinColor": "black",
    "mobileSkinFilename": "iphone6-landscape.png",
    "className": "iphone6-landscape",
    "iconResolution": "120 x 120",
    "loadScreenResolution": "750 x 1294",
    "isDefaultDeviceType": 1,
    "embedIframeHeight": 0,
    "embedIframeWidth": 0
  },
  {
    "id": 27,
    "description": "iPhone 6-8 (White)",
    "viewportHeight": 667,
    "viewportWidth": 375,
    "deviceHeight": 850,
    "deviceWidth": 416,
    "deviceType": "phone",
    "platform": "iOS",
    "orientation": "portrait",
    "mobileSkin": "iPhone",
    "mobileSkinColor": "white",
    "mobileSkinFilename": "iphone6-portrait-white.png",
    "className": "iphone6-portrait",
    "iconResolution": "120 x 120",
    "loadScreenResolution": "750 x 1294",
    "isDefaultDeviceType": 0,
    "embedIframeHeight": 0,
    "embedIframeWidth": 0
  },
  {
    "id": 28,
    "description": "iPhone 6-8 (White)",
    "viewportHeight": 375,
    "viewportWidth": 667,
    "deviceHeight": 416,
    "deviceWidth": 850,
    "deviceType": "phone",
    "platform": "iOS",
    "orientation": "landscape",
    "mobileSkin": "iPhone",
    "mobileSkinColor": "white",
    "mobileSkinFilename": "iphone6-landscape-white.png",
    "className": "iphone6-landscape",
    "iconResolution": "120 x 120",
    "loadScreenResolution": "750 x 1294",
    "isDefaultDeviceType": 0,
    "embedIframeHeight": 0,
    "embedIframeWidth": 0
  },
  {
    "id": 29,
    "description": "iPhone 6-8 Plus (Black)",
    "viewportHeight": 734,
    "viewportWidth": 412,
    "deviceHeight": 920,
    "deviceWidth": 454,
    "deviceType": "phone",
    "platform": "iOS",
    "orientation": "portrait",
    "mobileSkin": "iPhone",
    "mobileSkinColor": "black",
    "mobileSkinFilename": "iphone6plus-portrait.png",
    "className": "iphone6plus-portrait",
    "iconResolution": "180 x 180",
    "loadScreenResolution": "1242 x 2148",
    "isDefaultDeviceType": 0,
    "embedIframeHeight": 0,
    "embedIframeWidth": 0
  },
  {
    "id": 30,
    "description": "iPhone 6-8 Plus (Black)",
    "viewportHeight": 412,
    "viewportWidth": 734,
    "deviceHeight": 454,
    "deviceWidth": 920,
    "deviceType": "phone",
    "platform": "iOS",
    "orientation": "landscape",
    "mobileSkin": "iPhone",
    "mobileSkinColor": "black",
    "mobileSkinFilename": "iphone6plus-landscape.png",
    "className": "iphone6plus-landscape",
    "iconResolution": "180 x 180",
    "loadScreenResolution": "1242 x 2148",
    "isDefaultDeviceType": 0,
    "embedIframeHeight": 0,
    "embedIframeWidth": 0
  },
  {
    "id": 31,
    "description": "iPhone 6-8 Plus (White)",
    "viewportHeight": 734,
    "viewportWidth": 412,
    "deviceHeight": 920,
    "deviceWidth": 454,
    "deviceType": "phone",
    "platform": "iOS",
    "orientation": "portrait",
    "mobileSkin": "iPhone",
    "mobileSkinColor": "white",
    "mobileSkinFilename": "iphone6plus-portrait-white.png",
    "className": "iphone6plus-portrait",
    "iconResolution": "180 x 180",
    "loadScreenResolution": "1242 x 2148",
    "isDefaultDeviceType": 0,
    "embedIframeHeight": 0,
    "embedIframeWidth": 0
  },
  {
    "id": 32,
    "description": "iPhone 6-8 Plus (White)",
    "viewportHeight": 412,
    "viewportWidth": 734,
    "deviceHeight": 454,
    "deviceWidth": 920,
    "deviceType": "phone",
    "platform": "iOS",
    "orientation": "landscape",
    "mobileSkin": "iPhone",
    "mobileSkinColor": "white",
    "mobileSkinFilename": "iphone6plus-portrait-white.png",
    "className": "iphone6plus-landscape",
    "iconResolution": "180 x 180",
    "loadScreenResolution": "1242 x 2148",
    "isDefaultDeviceType": 0,
    "embedIframeHeight": 0,
    "embedIframeWidth": 0
  },
  {
    "id": 33,
    "description": "38mm - Rose Gold",
    "viewportHeight": 170,
    "viewportWidth": 136,
    "deviceHeight": 378,
    "deviceWidth": 209,
    "deviceType": "watch",
    "platform": "iOS",
    "orientation": "portrait",
    "mobileSkin": "apple-watch",
    "mobileSkinColor": "roseGold",
    "mobileSkinFilename": "apple-watch-38mm-roseGold.png",
    "className": "apple-watch-38mm-roseGold",
    "iconResolution": "144 x 144",
    "loadScreenResolution": "272px x 340px",
    "isDefaultDeviceType": 0,
    "embedIframeHeight": 0,
    "embedIframeWidth": 0
  },
  {
    "id": 34,
    "description": "38mm - Silver Aluminum",
    "viewportHeight": 170,
    "viewportWidth": 136,
    "deviceHeight": 378,
    "deviceWidth": 209,
    "deviceType": "watch",
    "platform": "iOS",
    "orientation": "portrait",
    "mobileSkin": "apple-watch",
    "mobileSkinColor": "silverAluminum",
    "mobileSkinFilename": "apple-watch-38mm-silverAluminum.png",
    "className": "apple-watch-38mm-silverAluminum",
    "iconResolution": "144 x 144",
    "loadScreenResolution": "272px x 340px",
    "isDefaultDeviceType": 0,
    "embedIframeHeight": 0,
    "embedIframeWidth": 0
  },
  {
    "id": 35,
    "description": "38mm - Space Black Stainless Steel",
    "viewportHeight": 170,
    "viewportWidth": 136,
    "deviceHeight": 378,
    "deviceWidth": 209,
    "deviceType": "watch",
    "platform": "iOS",
    "orientation": "portrait",
    "mobileSkin": "apple-watch",
    "mobileSkinColor": "spaceBlackStainlessSteel",
    "mobileSkinFilename": "apple-watch-38mm-spaceBlackStainlessSteel.png",
    "className": "apple-watch-38mm-spaceBlackStainlessSteel",
    "iconResolution": "144 x 144",
    "loadScreenResolution": "272px x 340px",
    "isDefaultDeviceType": 0,
    "embedIframeHeight": 0,
    "embedIframeWidth": 0
  },
  {
    "id": 36,
    "description": "38mm - Space Gray Aluminum",
    "viewportHeight": 170,
    "viewportWidth": 136,
    "deviceHeight": 378,
    "deviceWidth": 209,
    "deviceType": "watch",
    "platform": "iOS",
    "orientation": "portrait",
    "mobileSkin": "apple-watch",
    "mobileSkinColor": "spaceGrayAluminum",
    "mobileSkinFilename": "apple-watch-38mm-spaceGrayAluminum.png",
    "className": "apple-watch-38mm-spaceGrayAluminum",
    "iconResolution": "144 x 144",
    "loadScreenResolution": "272px x 340px",
    "isDefaultDeviceType": 0,
    "embedIframeHeight": 0,
    "embedIframeWidth": 0
  },
  {
    "id": 37,
    "description": "38mm - Stainless Steel",
    "viewportHeight": 170,
    "viewportWidth": 136,
    "deviceHeight": 378,
    "deviceWidth": 209,
    "deviceType": "watch",
    "platform": "iOS",
    "orientation": "portrait",
    "mobileSkin": "apple-watch",
    "mobileSkinColor": "stainlessSteel",
    "mobileSkinFilename": "apple-watch-38mm-stainlessSteel.png",
    "className": "apple-watch-38mm-stainlessSteel",
    "iconResolution": "144 x 144",
    "loadScreenResolution": "272px x 340px",
    "isDefaultDeviceType": 0,
    "embedIframeHeight": 0,
    "embedIframeWidth": 0
  },
  {
    "id": 38,
    "description": "38mm - Yellow Gold",
    "viewportHeight": 170,
    "viewportWidth": 136,
    "deviceHeight": 378,
    "deviceWidth": 209,
    "deviceType": "watch",
    "platform": "iOS",
    "orientation": "portrait",
    "mobileSkin": "apple-watch",
    "mobileSkinColor": "yellowGold",
    "mobileSkinFilename": "apple-watch-38mm-yellowGold.png",
    "className": "apple-watch-38mm-yellowGold",
    "iconResolution": "144 x 144",
    "loadScreenResolution": "272px x 340px",
    "isDefaultDeviceType": 0,
    "embedIframeHeight": 0,
    "embedIframeWidth": 0
  },
  {
    "id": 39,
    "description": "42mm - Rose Gold",
    "viewportHeight": 195,
    "viewportWidth": 156,
    "deviceHeight": 438,
    "deviceWidth": 240,
    "deviceType": "watch",
    "platform": "iOS",
    "orientation": "portrait",
    "mobileSkin": "apple-watch",
    "mobileSkinColor": "roseGold",
    "mobileSkinFilename": "apple-watch-42mm-roseGold.png",
    "className": "apple-watch-42mm-roseGold",
    "iconResolution": "144 x 144",
    "loadScreenResolution": "312px x 390px",
    "isDefaultDeviceType": 0,
    "embedIframeHeight": 0,
    "embedIframeWidth": 0
  },
  {
    "id": 40,
    "description": "42mm - Silver Aluminum",
    "viewportHeight": 195,
    "viewportWidth": 156,
    "deviceHeight": 438,
    "deviceWidth": 240,
    "deviceType": "watch",
    "platform": "iOS",
    "orientation": "portrait",
    "mobileSkin": "apple-watch",
    "mobileSkinColor": "silverAluminum",
    "mobileSkinFilename": "apple-watch-42mm-silverAluminum.png",
    "className": "apple-watch-42mm-silverAluminum",
    "iconResolution": "144 x 144",
    "loadScreenResolution": "312px x 390px",
    "isDefaultDeviceType": 0,
    "embedIframeHeight": 0,
    "embedIframeWidth": 0
  },
  {
    "id": 41,
    "description": "42mm - Space Black Stainless Steel",
    "viewportHeight": 195,
    "viewportWidth": 156,
    "deviceHeight": 438,
    "deviceWidth": 240,
    "deviceType": "watch",
    "platform": "iOS",
    "orientation": "portrait",
    "mobileSkin": "apple-watch",
    "mobileSkinColor": "spaceBlackStainlessSteel",
    "mobileSkinFilename": "apple-watch-42mm-spaceBlackStainlessSteel.png",
    "className": "apple-watch-42mm-spaceBlackStainlessSteel",
    "iconResolution": "144 x 144",
    "loadScreenResolution": "312px x 390px",
    "isDefaultDeviceType": 0,
    "embedIframeHeight": 0,
    "embedIframeWidth": 0
  },
  {
    "id": 42,
    "description": "42mm - Space Gray Aluminum",
    "viewportHeight": 195,
    "viewportWidth": 156,
    "deviceHeight": 438,
    "deviceWidth": 240,
    "deviceType": "watch",
    "platform": "iOS",
    "orientation": "portrait",
    "mobileSkin": "apple-watch",
    "mobileSkinColor": "spaceGrayAluminum",
    "mobileSkinFilename": "apple-watch-42mm-spaceGrayAluminum.png",
    "className": "apple-watch-42mm-spaceGrayAluminum",
    "iconResolution": "144 x 144",
    "loadScreenResolution": "312px x 390px",
    "isDefaultDeviceType": 1,
    "embedIframeHeight": 0,
    "embedIframeWidth": 0
  },
  {
    "id": 43,
    "description": "42mm - Stainless Steel",
    "viewportHeight": 195,
    "viewportWidth": 156,
    "deviceHeight": 438,
    "deviceWidth": 240,
    "deviceType": "watch",
    "platform": "iOS",
    "orientation": "portrait",
    "mobileSkin": "apple-watch",
    "mobileSkinColor": "stainlessSteel",
    "mobileSkinFilename": "apple-watch-42mm-stainlessSteel.png",
    "className": "apple-watch-42mm-stainlessSteel",
    "iconResolution": "144 x 144",
    "loadScreenResolution": "312px x 390px",
    "isDefaultDeviceType": 0,
    "embedIframeHeight": 0,
    "embedIframeWidth": 0
  },
  {
    "id": 44,
    "description": "42mm - Yellow Gold",
    "viewportHeight": 195,
    "viewportWidth": 156,
    "deviceHeight": 438,
    "deviceWidth": 240,
    "deviceType": "watch",
    "platform": "iOS",
    "orientation": "portrait",
    "mobileSkin": "apple-watch",
    "mobileSkinColor": "yellowGold",
    "mobileSkinFilename": "apple-watch-42mm-yellowGold.png",
    "className": "apple-watch-42mm-yellowGold",
    "iconResolution": "144 x 144",
    "loadScreenResolution": "312px x 390px",
    "isDefaultDeviceType": 0,
    "embedIframeHeight": 0,
    "embedIframeWidth": 0
  },
  {
    "id": 45,
    "description": "Round - Dark",
    "viewportHeight": 160,
    "viewportWidth": 160,
    "deviceHeight": 310,
    "deviceWidth": 185,
    "deviceType": "watch",
    "platform": "android",
    "orientation": "portrait",
    "mobileSkin": "android-watch",
    "mobileSkinColor": "round-dark",
    "mobileSkinFilename": "android-round-dark.png",
    "className": "android-round-dark",
    "iconResolution": "144 x 144",
    "loadScreenResolution": "320px x 320px",
    "isDefaultDeviceType": 0,
    "embedIframeHeight": 0,
    "embedIframeWidth": 0
  },
  {
    "id": 46,
    "description": "Round - Light",
    "viewportHeight": 160,
    "viewportWidth": 160,
    "deviceHeight": 310,
    "deviceWidth": 185,
    "deviceType": "watch",
    "platform": "android",
    "orientation": "portrait",
    "mobileSkin": "android-watch",
    "mobileSkinColor": "round-light",
    "mobileSkinFilename": "android-round-light.png",
    "className": "android-round-light",
    "iconResolution": "144 x 144",
    "loadScreenResolution": "320px x 320px",
    "isDefaultDeviceType": 0,
    "embedIframeHeight": 0,
    "embedIframeWidth": 0
  },
  {
    "id": 47,
    "description": "Square - Dark",
    "viewportHeight": 160,
    "viewportWidth": 160,
    "deviceHeight": 377,
    "deviceWidth": 223,
    "deviceType": "watch",
    "platform": "android",
    "orientation": "portrait",
    "mobileSkin": "android-watch",
    "mobileSkinColor": "square-dark",
    "mobileSkinFilename": "android-square-dark.png",
    "className": "android-square-dark",
    "iconResolution": "144 x 144",
    "loadScreenResolution": "320px x 320px",
    "isDefaultDeviceType": 1,
    "embedIframeHeight": 0,
    "embedIframeWidth": 0
  },
  {
    "id": 48,
    "description": "Square - Light",
    "viewportHeight": 160,
    "viewportWidth": 160,
    "deviceHeight": 377,
    "deviceWidth": 223,
    "deviceType": "watch",
    "platform": "android",
    "orientation": "portrait",
    "mobileSkin": "android-watch",
    "mobileSkinColor": "square-light",
    "mobileSkinFilename": "android-square-light.png",
    "className": "android-square-light",
    "iconResolution": "144 x 144",
    "loadScreenResolution": "320px x 320px",
    "isDefaultDeviceType": 0,
    "embedIframeHeight": 0,
    "embedIframeWidth": 0
  },
  {
    "id": 49,
    "description": "iPhone X",
    "viewportHeight": 812,
    "viewportWidth": 375,
    "deviceHeight": 855,
    "deviceWidth": 420,
    "deviceType": "phone",
    "platform": "iOS",
    "orientation": "portrait",
    "mobileSkin": "iPhoneX",
    "mobileSkinColor": "black",
    "mobileSkinFilename": "iphoneX-portrait.png",
    "className": "iphoneX-portrait",
    "iconResolution": "180 x 180",
    "loadScreenResolution": "1242 x 2148",
    "isDefaultDeviceType": 1,
    "embedIframeHeight": 0,
    "embedIframeWidth": 0
  },
  {
    "id": 50,
    "description": "iPhone X",
    "viewportHeight": 375,
    "viewportWidth": 812,
    "deviceHeight": 421,
    "deviceWidth": 856,
    "deviceType": "phone",
    "platform": "iOS",
    "orientation": "landscape",
    "mobileSkin": "iPhoneX",
    "mobileSkinColor": "black",
    "mobileSkinFilename": "iphoneX-landscape.png",
    "className": "iphoneX-landscape",
    "iconResolution": "180 x 180",
    "loadScreenResolution": "2148 x 1242",
    "isDefaultDeviceType": 1,
    "embedIframeHeight": 0,
    "embedIframeWidth": 0
  }
]